sv_id,task_id,func,topic,mo_ta_loi,pub_pass,pub_total,pub_tpr,pub_SE,pub_WA,pub_RE,pub_TLE,pub_MLE,hid_pass,hid_total,hid_tpr,hid_SE,hid_WA,hid_RE,hid_TLE,hid_MLE,is_false_positive,avg_latency_pub,avg_latency_hid
SV001,1,sum_list,list,False Positive: Hardcode public test. Bị bắt ở 6 hidden,3,3,100.0,0,0,0,0,0,3,6,50.0,0,3,0,0,0,True,0.031,0.0242
SV002,2,is_even,math,False Positive: Hardcode public test. Bị bắt ở 6 hidden,3,3,100.0,0,0,0,0,0,3,6,50.0,0,3,0,0,0,True,0.0249,0.0262
SV003,3,reverse_string,string,False Positive: Hardcode public test. Bị bắt ở 6 hidden,3,3,100.0,0,0,0,0,0,1,6,16.67,0,5,0,0,0,True,0.0281,0.0248
SV004,4,find_max,list,False Positive: Hardcode public test. Bị bắt ở 6 hidden,3,3,100.0,0,0,0,0,0,1,6,16.67,0,5,0,0,0,True,0.0251,0.0264
SV005,5,count_char,string,Lỗi cú pháp (Syntax Error) - Thiếu dấu hai chấm hoặc thụt lề sai,0,3,0.0,3,0,0,0,0,0,6,0.0,6,0,0,0,0,False,0.0,0.0
SV006,6,factorial,math,False Positive: Hardcode public và 6 hidden. Bị bắt ở 10 hidden (SV011),3,3,100.0,0,0,0,0,0,6,7,85.71,0,1,0,0,0,True,0.0244,0.0261
SV007,7,is_palindrome,string,False Positive: Hardcode public và 6 hidden. Bị bắt ở 10 hidden (SV012),3,3,100.0,0,0,0,0,0,6,7,85.71,0,1,0,0,0,True,0.0281,0.0242
SV008,8,remove_duplicates,list,False Positive: Hardcode public + 10 hidden. Vẫn pass 10 hidden (SV014),3,3,100.0,0,0,0,0,0,7,7,100.0,0,0,0,0,0,False,0.024,0.0259
SV009,9,average,math,False Positive: Hardcode public test. Bị bắt ở 6 hidden,3,3,100.0,0,0,0,0,0,3,7,42.86,0,4,0,0,0,True,0.0242,0.0275
SV010,10,to_uppercase,string,Lỗi thời gian chạy (Runtime Error) - Phát sinh ngoại lệ khi thực thi,0,3,0.0,0,0,3,0,0,0,7,0.0,0,0,7,0,0,False,0.0457,0.0494
SV011,11,is_prime,math,False Positive: Hardcode public test. Bị bắt ở 6 hidden,3,3,100.0,0,0,0,0,0,4,7,57.14,0,3,0,0,0,True,0.0283,0.0243
SV012,12,sum_even,list,False Positive: Hardcode public test. Bị bắt ở 6 hidden,3,3,100.0,0,0,0,0,0,2,7,28.57,0,5,0,0,0,True,0.0245,0.0244
SV013,13,fibonacci,math,False Positive: Hardcode public test. Bị bắt ở 6 hidden,3,3,100.0,0,0,0,0,0,1,7,14.29,0,6,0,0,0,True,0.0241,0.0259
SV014,14,count_words,string,False Positive: Hardcode public test. Bị bắt ở 6 hidden,3,3,100.0,0,0,0,0,0,2,7,28.57,0,5,0,0,0,True,0.0241,0.0259
SV015,15,sort_list,list,Lỗi quá giới hạn thời gian (Time Limit Exceeded) - Vòng lặp vô hạn,0,3,0.0,0,0,0,3,0,0,7,0.0,0,0,0,7,0,False,1.0029,1.0057
SV016,16,find_min,list,Lỗi cú pháp (Syntax Error) - Thiếu dấu hai chấm hoặc thụt lề sai,0,3,0.0,3,0,0,0,0,0,8,0.0,8,0,0,0,0,False,0.0,0.0
SV017,17,is_leap_year,math,Lỗi thời gian chạy (Runtime Error) - Phát sinh ngoại lệ khi thực thi,0,3,0.0,0,0,3,0,0,0,8,0.0,0,0,8,0,0,False,0.0457,0.0455
SV018,18,count_vowels,string,Lỗi quá giới hạn thời gian (Time Limit Exceeded) - Vòng lặp vô hạn,0,3,0.0,0,0,0,3,0,0,8,0.0,0,0,0,8,0,False,1.0054,1.0078
SV019,19,sum_odd,list,Bài làm chính xác hoàn toàn,3,3,100.0,0,0,0,0,0,8,8,100.0,0,0,0,0,0,False,0.0245,0.0272
SV020,20,all_positive,list,Lỗi thời gian chạy (Runtime Error) - Phát sinh ngoại lệ khi thực thi,0,3,0.0,0,0,3,0,0,0,8,0.0,0,0,8,0,0,False,0.0459,0.0473
SV021,21,celsius_to_fahrenheit,math,Lỗi quá giới hạn thời gian (Time Limit Exceeded) - Vòng lặp vô hạn,0,3,0.0,0,0,0,3,0,0,8,0.0,0,0,0,8,0,False,1.0049,1.0067
SV022,22,replace_spaces,string,Bài làm chính xác hoàn toàn,3,3,100.0,0,0,0,0,0,8,8,100.0,0,0,0,0,0,False,0.0304,0.0305
SV023,23,absolute_value,math,Lỗi thời gian chạy (Runtime Error) - Phát sinh ngoại lệ khi thực thi,0,3,0.0,0,0,3,0,0,0,8,0.0,0,0,8,0,0,False,0.0591,0.0557
SV024,24,is_anagram,string,Lỗi quá giới hạn thời gian (Time Limit Exceeded) - Vòng lặp vô hạn,0,3,0.0,0,0,0,3,0,0,8,0.0,0,0,0,8,0,False,1.0063,1.0064
SV025,25,sum_of_digits,math,Lỗi cú pháp (Syntax Error) - Thiếu dấu hai chấm hoặc thụt lề sai,0,3,0.0,3,0,0,0,0,0,8,0.0,8,0,0,0,0,False,0.0,0.0
SV026,26,multiply_list,list,Lỗi thời gian chạy (Runtime Error) - Phát sinh ngoại lệ khi thực thi,0,3,0.0,0,0,3,0,0,0,8,0.0,0,0,8,0,0,False,0.0449,0.0473
SV027,27,is_sorted_ascending,list,Lỗi quá giới hạn thời gian (Time Limit Exceeded) - Vòng lặp vô hạn,0,3,0.0,0,0,0,3,0,0,8,0.0,0,0,0,8,0,False,1.0077,1.0055
SV028,28,repeat_string,string,Bài làm chính xác hoàn toàn,3,3,100.0,0,0,0,0,0,8,8,100.0,0,0,0,0,0,False,0.0382,0.0267
SV029,29,find_common_elements,list,Lỗi thời gian chạy (Runtime Error) - Phát sinh ngoại lệ khi thực thi,0,3,0.0,0,0,3,0,0,0,8,0.0,0,0,8,0,0,False,0.0452,0.0459
SV030,30,get_list_length,list,Lỗi quá giới hạn bộ nhớ (Memory Limit Exceeded) - Cấp phát mảng cực đại,0,3,0.0,0,0,0,0,3,0,8,0.0,0,0,0,0,8,False,0.0679,0.0659
SV031,31,remove_vowels,string,Bài làm chính xác hoàn toàn,3,3,100.0,0,0,0,0,0,8,8,100.0,0,0,0,0,0,False,0.0339,0.0372
SV032,32,get_first_element,list,Lỗi thời gian chạy (Runtime Error) - Phát sinh ngoại lệ khi thực thi,0,3,0.0,0,0,3,0,0,0,8,0.0,0,0,8,0,0,False,0.0617,0.0643
SV033,33,find_perimeter_rectangle,math,Lỗi quá giới hạn bộ nhớ (Memory Limit Exceeded) - Cấp phát mảng cực đại,0,3,0.0,0,0,0,0,3,0,8,0.0,0,0,0,0,8,False,0.0664,0.0732
SV034,34,cube_number,math,Lỗi quá giới hạn bộ nhớ (Memory Limit Exceeded) - Cấp phát mảng cực đại,0,3,0.0,0,0,0,0,3,0,8,0.0,0,0,0,0,8,False,0.07,0.0697
SV035,35,count_consonants,string,Lỗi thời gian chạy (Runtime Error) - Phát sinh ngoại lệ khi thực thi,0,3,0.0,0,0,3,0,0,0,8,0.0,0,0,8,0,0,False,0.0559,0.0488
SV036,36,starts_with_uppercase,string,Bài làm chính xác hoàn toàn,3,3,100.0,0,0,0,0,0,9,9,100.0,0,0,0,0,0,False,0.0324,0.0309
SV037,37,circle_area,math,Bài làm chính xác hoàn toàn,3,3,100.0,0,0,0,0,0,9,9,100.0,0,0,0,0,0,False,0.0249,0.0282
SV038,38,reverse_list,list,Lỗi thời gian chạy (Runtime Error) - Phát sinh ngoại lệ khi thực thi,0,3,0.0,0,0,3,0,0,0,9,0.0,0,0,9,0,0,False,0.0612,0.0572
SV039,39,gcd,math,Bài làm chính xác hoàn toàn,3,3,100.0,0,0,0,0,0,9,9,100.0,0,0,0,0,0,False,0.0337,0.0331
SV040,40,trim_string,string,Bài làm chính xác hoàn toàn,3,3,100.0,0,0,0,0,0,9,9,100.0,0,0,0,0,0,False,0.0322,0.0322
SV041,41,filter_positive,list,Lỗi thời gian chạy (Runtime Error) - Phát sinh ngoại lệ khi thực thi,0,3,0.0,0,0,3,0,0,0,9,0.0,0,0,9,0,0,False,0.052,0.0531
SV042,42,string_to_list,string,Bài làm chính xác hoàn toàn,3,3,100.0,0,0,0,0,0,9,9,100.0,0,0,0,0,0,False,0.0278,0.0285
SV043,43,square_list,list,Bài làm chính xác hoàn toàn,3,3,100.0,0,0,0,0,0,9,9,100.0,0,0,0,0,0,False,0.0253,0.0337
SV044,44,count_negative,list,Lỗi quá giới hạn bộ nhớ (Memory Limit Exceeded) - Cấp phát mảng cực đại,0,3,0.0,0,0,0,0,3,0,9,0.0,0,0,0,0,9,False,0.0776,0.0774
SV045,45,merge_lists,list,Bài làm chính xác hoàn toàn,3,3,100.0,0,0,0,0,0,9,9,100.0,0,0,0,0,0,False,0.0341,0.0313
SV046,46,is_numeric_string,string,Bài làm chính xác hoàn toàn,3,3,100.0,0,0,0,0,0,10,10,100.0,0,0,0,0,0,False,0.0276,0.0313
SV047,47,lcm,math,Lỗi quá giới hạn bộ nhớ (Memory Limit Exceeded) - Cấp phát mảng cực đại,0,3,0.0,0,0,0,0,3,0,10,0.0,0,0,0,0,10,False,0.0681,0.0669
SV048,48,list_to_string,string,Bài làm chính xác hoàn toàn,3,3,100.0,0,0,0,0,0,10,10,100.0,0,0,0,0,0,False,0.0288,0.0279
SV049,49,get_first_n,list,Bài làm chính xác hoàn toàn,3,3,100.0,0,0,0,0,0,10,10,100.0,0,0,0,0,0,False,0.0256,0.026
SV050,50,has_zero,list,Bài làm chính xác hoàn toàn,3,3,100.0,0,0,0,0,0,10,10,100.0,0,0,0,0,0,False,0.0318,0.0255
